{"initial_reset_timestamp": 1585418517.4796073, "timestamps": [1585418518.3015788, 1585418518.9009776, 1585418518.9863276, 1585418519.0001636, 1585418519.017418, 1585418519.0310433, 1585418519.0510738, 1585418519.070559, 1585418520.0852377, 1585418520.1669285, 1585418520.1819453, 1585418520.2004406, 1585418520.2174118, 1585418520.240292, 1585418520.2640228, 1585418520.2793574, 1585418520.2918282, 1585418520.3070202, 1585418520.3215008, 1585418520.331097, 1585418520.3446186, 1585418520.3634415, 1585418520.3801699, 1585418520.397456, 1585418520.4199402, 1585418520.435804, 1585418520.453074, 1585418520.748737, 1585418520.8035495, 1585418520.85216, 1585418520.8934891, 1585418520.915977, 1585418520.9374168, 1585418520.9527726, 1585418520.9699757, 1585418520.9857106, 1585418521.0014844, 1585418521.0235872, 1585418521.047893, 1585418521.0677462, 1585418521.0990298, 1585418521.1277075, 1585418521.1444147, 1585418521.162205, 1585418521.201065, 1585418521.234908, 1585418521.257427, 1585418521.2739472, 1585418521.2900867, 1585418521.306964, 1585418521.3258293, 1585418521.3414114, 1585418521.35479, 1585418521.3703258, 1585418521.3829045, 1585418521.4010494, 1585418521.4203088, 1585418521.4358196, 1585418521.44928, 1585418521.464812, 1585418521.4793897, 1585418521.5002894, 1585418521.5233324, 1585418521.55131, 1585418521.95903, 1585418522.0475647, 1585418522.0604253, 1585418522.0810807, 1585418522.1121767, 1585418522.1436782, 1585418522.1768477, 1585418522.2202716, 1585418522.2541864, 1585418522.2724173, 1585418522.2906895, 1585418522.3294384, 1585418522.3844705, 1585418522.45114, 1585418522.481594, 1585418522.512191, 1585418522.5636606, 1585418522.6048965, 1585418522.6323645, 1585418522.6558247, 1585418522.6737094, 1585418522.6949024, 1585418522.720809, 1585418522.7438228, 1585418522.7681339, 1585418522.79968, 1585418522.83487, 1585418522.8669116, 1585418522.8900392, 1585418522.9188826, 1585418522.9487517, 1585418522.9780061, 1585418523.0073745, 1585418523.0361414, 1585418523.0571065, 1585418523.078493, 1585418523.098575, 1585418523.1195025, 1585418523.1424701, 1585418523.1595588, 1585418523.1771731, 1585418523.2009602, 1585418523.2364626, 1585418523.2666361, 1585418523.2976177, 1585418523.3392315, 1585418523.3783479, 1585418523.399279, 1585418523.422977, 1585418523.4411414, 1585418523.4530356, 1585418523.4655163, 1585418523.4794583, 1585418523.5015626, 1585418523.533373, 1585418523.554886, 1585418523.5723085, 1585418523.5977607, 1585418523.6217165, 1585418523.6439931, 1585418523.6665716, 1585418524.1815867, 1585418524.2623286, 1585418524.277795, 1585418524.3021164, 1585418524.3268597, 1585418524.3403554, 1585418524.3634868, 1585418524.3970802, 1585418524.434511, 1585418524.460806, 1585418524.4965641, 1585418524.531908, 1585418524.5573523, 1585418524.5808308, 1585418524.6048524, 1585418524.6312456, 1585418524.6544144, 1585418524.68235, 1585418524.706732, 1585418524.7272184, 1585418524.747032, 1585418524.7680864, 1585418524.792975, 1585418524.8100526, 1585418524.832038, 1585418524.8540993, 1585418524.884193, 1585418524.922974, 1585418524.9598343, 1585418524.9992719, 1585418525.0377693, 1585418525.0720637, 1585418525.1028974, 1585418525.1242085, 1585418525.1422157, 1585418525.1729367, 1585418525.2366705, 1585418525.29639, 1585418525.3262067, 1585418525.3688881, 1585418525.402291, 1585418525.4351227, 1585418525.466044, 1585418525.4982698, 1585418525.5200853, 1585418525.5605814, 1585418525.5938234, 1585418525.6143837, 1585418525.634409, 1585418525.6566272, 1585418525.6799445, 1585418525.7003834, 1585418525.727865, 1585418525.7648232, 1585418525.8046029, 1585418525.8392901, 1585418525.8617973, 1585418525.8796623, 1585418525.9039137, 1585418525.9410658, 1585418525.9770973, 1585418526.0007854, 1585418526.0296233, 1585418526.0548952, 1585418526.0874522, 1585418526.12407, 1585418526.1483989, 1585418526.1727579, 1585418526.1988277, 1585418526.228514, 1585418526.2572856, 1585418526.2831442, 1585418526.3084137, 1585418526.3448355, 1585418526.3745172, 1585418526.40691, 1585418526.448154, 1585418526.4850285, 1585418526.5206633, 1585418526.548678, 1585418526.573815, 1585418526.599383, 1585418526.6509502, 1585418526.6971827, 1585418526.7205162, 1585418526.7507765, 1585418526.783823, 1585418526.8114312, 1585418526.8646991, 1585418526.9160128, 1585418526.9551566, 1585418528.0841162, 1585418528.1982102, 1585418528.2402616, 1585418528.292012, 1585418528.3382607, 1585418528.3660154, 1585418528.3985353, 1585418528.4707627, 1585418528.527928, 1585418528.5695486, 1585418528.6116667, 1585418528.6424806, 1585418528.6756055, 1585418528.7097902, 1585418528.7379014, 1585418528.775282, 1585418528.8209383, 1585418528.8515491, 1585418528.877528, 1585418528.910607, 1585418528.939568, 1585418528.961605, 1585418529.0008957, 1585418529.0517569, 1585418529.088628, 1585418529.1232004, 1585418529.1657352, 1585418529.2131796, 1585418529.2610545, 1585418529.3013825, 1585418529.3367577, 1585418529.3726745, 1585418529.4071696, 1585418529.4424384, 1585418529.4688673, 1585418529.4878216, 1585418529.5251389, 1585418529.5830784, 1585418529.6486964, 1585418529.7016525, 1585418529.7318838, 1585418529.7715766, 1585418529.8175201, 1585418529.8796535, 1585418529.9319587, 1585418529.9632678, 1585418529.9912133, 1585418530.0261166, 1585418530.0649276, 1585418530.0973492, 1585418530.1248515, 1585418530.145798, 1585418530.1685157, 1585418530.206056, 1585418530.245857, 1585418530.2838016, 1585418530.3200018, 1585418530.355597, 1585418530.3852012, 1585418530.4077144, 1585418530.4548345, 1585418530.5033224, 1585418530.5292964, 1585418530.555573, 1585418530.587559, 1585418530.6315503, 1585418530.6705105, 1585418530.6975453, 1585418530.7328954, 1585418530.7817605, 1585418530.822757, 1585418530.8627677, 1585418530.8980758, 1585418530.9337618, 1585418530.9589489, 1585418530.980964, 1585418531.0186856, 1585418531.0693018, 1585418531.1025255, 1585418531.1319947, 1585418531.1680586, 1585418531.2048166, 1585418531.2377865, 1585418531.2725823, 1585418531.3269386, 1585418531.371138, 1585418531.4237394, 1585418531.4863987, 1585418531.5245552, 1585418531.5778272, 1585418531.646116, 1585418531.703227, 1585418531.7446787, 1585418531.778428, 1585418531.8232229, 1585418531.8716295, 1585418531.916736, 1585418531.9575942, 1585418532.0023377, 1585418532.0463781, 1585418532.085251, 1585418532.1270192, 1585418532.164181, 1585418532.205173, 1585418532.2523134, 1585418532.2996664, 1585418532.3400667, 1585418532.3814247, 1585418532.4542868, 1585418532.5302024, 1585418532.6005232, 1585418532.6731308, 1585418532.7220445, 1585418532.7614682, 1585418532.8217182, 1585418532.8825963, 1585418532.933694, 1585418532.9770088, 1585418533.024368, 1585418533.0640297, 1585418533.1077144, 1585418533.1469994, 1585418533.1840632, 1585418533.2250683, 1585418533.261072, 1585418533.3026438, 1585418533.3613348, 1585418534.5223145],